﻿<?xml version="1.0" encoding="utf-8" ?>
<EggPlantSettings waitForDriveMs="20000" driveTimeoutMs="600000">
  <RunScript path ="C:\Program Files (x86)\eggPlant\runscript.bat"/>
  <Suite startDrive="true" repeat="2" path="C:\Users\Brian\My Documents\GitHub\ShelterSuite\ShelterSuite.suite">
    <Test name="Test 1" restartDrive="false" repeat="1" retry="0" >
      <Script scriptName ="Shelter_Stability_Test_00_Script_Setup"  host="TC55 (4e8f191b)" timeout="10"></Script>
    </Test>
	<Test name="Test 2" restartDrive="false" repeat="1" retry="0" >
      <Script scriptName ="Shelter_Stability_Test_00_DeviceA_Setup"  host="TC55 (4e8f191b)" timeout="10"></Script>
    </Test>
	<Test name="Test 3" restartDrive="false" repeat="1" retry="0" >
      <Script scriptName ="Shelter_Stability_Test_00_DeviceB_Setup"  host="TC55 (51a0171b)" timeout="10"></Script>
    </Test>
	<Test name="Test 4" restartDrive="false" repeat="20" retry="0" >
      <Script scriptName ="Shelter_Stability_Test_09_08"  host="TC55 (4e8f191b)" timeout="10"></Script>
    </Test>
    <Test name="Test 5" restartDrive="false" repeat="10" retry="0" >
      <Script scriptName ="Shelter_Stability_Test_30_33_35"  host="TC55 (4e8f191b)" timeout="10"></Script>
    </Test>
    <Test name="Test 6" restartDrive="false" repeat="5" retry="0" >
      <Script scriptName ="Shelter_Stability_Test_37_39"  host="TC55 (4e8f191b)" timeout="10"></Script>
    </Test>
    <Test name="Test 7" restartDrive="false" repeat="1" retry="0" >
      <Script scriptName ="Shelter_Stability_Test_38_40"  host="TC55 (4e8f191b)" timeout="10"></Script>
    </Test>
    <Test name="Test 8" restartDrive="false" repeat="1" retry="0" >
      <Script scriptName ="Shelter_Stability_Test_50_51_52"  host="TC55 (4e8f191b)" timeout="10"></Script>
    </Test>
    <Test name="Test 9" restartDrive="false" repeat="10" retry="0" >
      <Script scriptName ="Shelter_Stability_Test_53"  host="TC55 (4e8f191b)" timeout="10"></Script>
    </Test>
    <Test name="Test 10" restartDrive="false" repeat="50" retry="0" >
      <Script scriptName ="Shelter_Stability_Test_54_55_56"  host="TC55 (4e8f191b)" timeout="10"></Script>
    </Test>
    <Test name="Test 11" restartDrive="false" repeat="10" retry="0" >
      <Script scriptName ="Shelter_Stability_Test_57"  host="TC55 (4e8f191b)" timeout="10"></Script>
    </Test>
    <Test name="Test 12" restartDrive="false" repeat="50" retry="0" >
      <Script scriptName ="Shelter_Stability_Test_61_26_24_25_62_63"  host="TC55 (4e8f191b)" timeout="10"></Script>
    </Test>
    <Test name="Test 13"  restartDrive="true" repeat="1" retry="0" >
      <Script scriptName ="Shelter_Stability_Test_64"  host="TC55 (4e8f191b)" timeout="10"></Script>
    </Test>
    <Test name="Test 14" restartDrive="false" repeat="20" retry="0" >
      <Script scriptName ="Shelter_Stability_Test_65_66"  host="TC55 (4e8f191b)" timeout="10"></Script>
    </Test>
    <Test name="Test 15" restartDrive="false" repeat="20" retry="0" >
      <Script scriptName ="Shelter_Stability_Test_67"  host="TC55 (4e8f191b)" timeout="10"></Script>
    </Test>
	<Test name="Test 16" restartDrive="true" repeat="25" retry="0" >
      <Script scriptName ="Shelter_Stability_Test_01A1"  host="TC55 (4e8f191b)" timeout="10"></Script>
      <Script scriptName ="Shelter_Stability_Test_01B1_07"  host="TC55 (51a0171b)" timeout="10"></Script>
      <Script scriptName ="Shelter_Stability_Test_01A2"  host="TC55 (4e8f191b)" timeout="10"></Script>
      <Script scriptName ="Shelter_Stability_Test_01B2_07"  host="TC55 (51a0171b)" timeout="10"></Script>
	  <Script scriptName ="Shelter_Stability_Test_01A3"  host="TC55 (4e8f191b)" timeout="10"></Script>
      <Script scriptName ="Shelter_Stability_Test_01B3_07"  host="TC55 (51a0171b)" timeout="10"></Script>
    </Test>
	<Test name="Test 17" restartDrive="true" repeat="25" retry="0" >
      <Script scriptName ="Shelter_Stability_Test_02A1"  host="TC55 (4e8f191b)" timeout="10"></Script>
      <Script scriptName ="Shelter_Stability_Test_02B1"  host="TC55 (51a0171b)" timeout="10"></Script>
      <Script scriptName ="Shelter_Stability_Test_02A2"  host="TC55 (4e8f191b)" timeout="10"></Script>
      <Script scriptName ="Shelter_Stability_Test_02B2"  host="TC55 (51a0171b)" timeout="10"></Script>
	  <Script scriptName ="Shelter_Stability_Test_02A3"  host="TC55 (4e8f191b)" timeout="10"></Script>
      <Script scriptName ="Shelter_Stability_Test_02B3"  host="TC55 (51a0171b)" timeout="10"></Script>
    </Test>
	<Test name="Test 18" restartDrive="true" repeat="75" retry="0" >
      <Script scriptName ="Shelter_Stability_Test_04A1"  host="TC55 (4e8f191b)" timeout="10"></Script>
      <Script scriptName ="Shelter_Stability_Test_04B1"  host="TC55 (51a0171b)" timeout="10"></Script>
      <Script scriptName ="Shelter_Stability_Test_04A2"  host="TC55 (4e8f191b)" timeout="10"></Script>
      <Script scriptName ="Shelter_Stability_Test_04B2"  host="TC55 (51a0171b)" timeout="10"></Script>
	  <Script scriptName ="Shelter_Stability_Test_04A3"  host="TC55 (4e8f191b)" timeout="10"></Script>
      <Script scriptName ="Shelter_Stability_Test_04B3"  host="TC55 (51a0171b)" timeout="10"></Script>
    </Test>
	<Test name="Test 19" restartDrive="true" repeat="75" retry="0" >
      <Script scriptName ="Shelter_Stability_Test_05A1"  host="TC55 (4e8f191b)" timeout="10"></Script>
      <Script scriptName ="Shelter_Stability_Test_05B1"  host="TC55 (51a0171b)" timeout="10"></Script>
      <Script scriptName ="Shelter_Stability_Test_05A2"  host="TC55 (4e8f191b)" timeout="10"></Script>
      <Script scriptName ="Shelter_Stability_Test_05B2"  host="TC55 (51a0171b)" timeout="10"></Script>
	  <Script scriptName ="Shelter_Stability_Test_05A3"  host="TC55 (4e8f191b)" timeout="10"></Script>
      <Script scriptName ="Shelter_Stability_Test_05B3"  host="TC55 (51a0171b)" timeout="10"></Script>
    </Test>
	<Test name="Test 20" restartDrive="true"  repeat="50" retry="0" >
      <Script scriptName ="Shelter_Stability_Test_10A1"  host="TC55 (4e8f191b)" timeout="10"></Script>
      <Script scriptName ="Shelter_Stability_Test_10B1_17"  host="TC55 (51a0171b)" timeout="10"></Script>
      <Script scriptName ="Shelter_Stability_Test_10A2"  host="TC55 (4e8f191b)" timeout="10"></Script>
      <Script scriptName ="Shelter_Stability_Test_10B2_17"  host="TC55 (51a0171b)" timeout="10"></Script>
	</Test>
	<Test name="Test 21" restartDrive="true" repeat="50" retry="0" >
      <Script scriptName ="Shelter_Stability_Test_11A1"  host="TC55 (4e8f191b)" timeout="10"></Script>
      <Script scriptName ="Shelter_Stability_Test_11B1_14"  host="TC55 (51a0171b)" timeout="10"></Script>
      <Script scriptName ="Shelter_Stability_Test_11A2"  host="TC55 (4e8f191b)" timeout="10"></Script>
      <Script scriptName ="Shelter_Stability_Test_11B2_14"  host="TC55 (51a0171b)" timeout="10"></Script>
    </Test>
	<Test name="Test 22" restartDrive="true" repeat="50" retry="0" >
      <Script scriptName ="Shelter_Stability_Test_12A1"  host="TC55 (4e8f191b)" timeout="10"></Script>
      <Script scriptName ="Shelter_Stability_Test_12B1_15"  host="TC55 (51a0171b)" timeout="10"></Script>
      <Script scriptName ="Shelter_Stability_Test_12A2"  host="TC55 (4e8f191b)" timeout="10"></Script>
      <Script scriptName ="Shelter_Stability_Test_12B2_15"  host="TC55 (51a0171b)" timeout="10"></Script>
    </Test>
	<Test name="Test 23" restartDrive="true" repeat="50" retry="0" >
      <Script scriptName ="Shelter_Stability_Test_13A1"  host="TC55 (4e8f191b)" timeout="10"></Script>
      <Script scriptName ="Shelter_Stability_Test_13B1_16"  host="TC55 (51a0171b)" timeout="10"></Script>
      <Script scriptName ="Shelter_Stability_Test_13A2"  host="TC55 (4e8f191b)" timeout="10"></Script>
      <Script scriptName ="Shelter_Stability_Test_13B2_16"  host="TC55 (51a0171b)" timeout="10"></Script>
    </Test>
	<Test name="Test 24" restartDrive="true" repeat="50" retry="0" >
      <Script scriptName ="Shelter_Stability_Test_18A1"  host="TC55 (4e8f191b)" timeout="10"></Script>
      <Script scriptName ="Shelter_Stability_Test_18B1_20"  host="TC55 (51a0171b)" timeout="10"></Script>
      <Script scriptName ="Shelter_Stability_Test_18A2"  host="TC55 (4e8f191b)" timeout="10"></Script>
      <Script scriptName ="Shelter_Stability_Test_18B2_20"  host="TC55 (51a0171b)" timeout="10"></Script>
    </Test>
	<Test name="Test 25" restartDrive="true" repeat="50" retry="0" >
      <Script scriptName ="Shelter_Stability_Test_19A1"  host="TC55 (4e8f191b)" timeout="10"></Script>
      <Script scriptName ="Shelter_Stability_Test_19B1"  host="TC55 (51a0171b)" timeout="10"></Script>
      <Script scriptName ="Shelter_Stability_Test_19A2"  host="TC55 (4e8f191b)" timeout="10"></Script>
      <Script scriptName ="Shelter_Stability_Test_19B2"  host="TC55 (51a0171b)" timeout="10"></Script>
    </Test>
		<Test name="Test 26" restartDrive="true" repeat="50" retry="0" >
      <Script scriptName ="Shelter_Stability_Test_58A1"  host="TC55 (4e8f191b)" timeout="10"></Script>
      <Script scriptName ="Shelter_Stability_Test_58B1_59_60"  host="TC55 (51a0171b)" timeout="10"></Script>
      <Script scriptName ="Shelter_Stability_Test_58A2"  host="TC55 (4e8f191b)" timeout="10"></Script>
      <Script scriptName ="Shelter_Stability_Test_58B2_59_60"  host="TC55 (51a0171b)" timeout="10"></Script>
	    <Script scriptName ="Shelter_Stability_Test_58A3"  host="TC55 (4e8f191b)" timeout="10"></Script>
      <Script scriptName ="Shelter_Stability_Test_58B3_59_60"  host="TC55 (51a0171b)" timeout="10"></Script>
	    <Script scriptName ="Shelter_Stability_Test_58A4"  host="TC55 (4e8f191b)" timeout="10"></Script>
    </Test>
		<Test name="Test 27" restartDrive="true"  repeat="1" retry="0" >
      <Script scriptName ="Shelter_Stability_Test_70A1"  host="TC55 (4e8f191b)" timeout="10"></Script>
      <Script scriptName ="Shelter_Stability_Test_70B1_73"  host="TC55 (51a0171b)" timeout="10"></Script>
      <Script scriptName ="Shelter_Stability_Test_70A2"  host="TC55 (4e8f191b)" timeout="10"></Script>
      <Script scriptName ="Shelter_Stability_Test_70B2_73"  host="TC55 (51a0171b)" timeout="10"></Script>
    </Test>
	<Test name="Test 28" restartDrive="false" repeat="1" retry="0" >
      <Script scriptName ="Shelter_Diagnostics_01_Export_Android_Logs_All"  host="TC55 (4e8f191b)" timeout="10"></Script>
    </Test>
	<Test name="Test 29" restartDrive="false" repeat="1" retry="0" >
      <Script scriptName ="Shelter_Diagnostics_01_Export_Android_Logs_All" host="TC55 (51a0171b)" timeout="10"></Script>
    </Test>
  </Suite>
</EggPlantSettings>
